id,username,password,role
1,uodooghaine0,yQ9_FE!9ErB,doctor
2,sgilloran1,"tJ2'D\4{56i8<#!,",admin
3,mclaus2,sB3_p+J/Ney{~G\p,receptionist
4,tlathee3,qL6>x'9l1B{a5,admin
5,cdefreyne4,gA9>~Z_3Esup3f,receptionist
6,tpietranek5,kC6|T?)@pejX,doctor
7,cbockin6,bX9&/dAJb~oGZU),doctor
8,cchong7,tJ5+L2iYZ|cnUu,admin
9,ltunmore8,eU4_t@GcQk$$(|,doctor
10,epounds9,oU9<!Z}>*q|Hgu,doctor
11,lcocka,qJ0#5g#J'6q(CDcR,doctor
12,mpevsnerb,qL9}BFLj=QschK,doctor
13,icoenc,oB4<>0'~M$+&H32,admin
14,canthoined,aS0)f*{PO,admin
15,pivashove,iZ6`51K.3SQ4T.3,doctor
16,amowdayf,hU8+z#3),admin
17,souterbridgeg,lX4<iSacpp{I/',doctor
18,idalwish,"tV9_n""VnF6IDt!+",doctor
19,dhalladayi,"sC9+hO4V""O5vQ_R8",receptionist
20,vedgeleyj,jU5{)gOHy8CLUt',doctor
21,azollnerk,"pQ8*E32ge1arq,Pv",admin
22,ldomninl,aG7&@3JXGCce~PBk,doctor
23,mdibsdalem,bQ7<9MPcGp,receptionist
24,onestlen,"kO2=(xL}fUH""Qk",admin
25,kpophamo,"gD2""ovGVvc",receptionist
26,cfilipsonp,zY8`8o433v/T,doctor
27,dbennoughq,fN3#=F)Ye7sQ,doctor
28,kzellmerr,"cT6""QTb``\GAU637",doctor
29,pwissbeys,aU3@g`WX,admin
30,frossont,gL8/V=WdfaR!A{Ku,receptionist
